<?xml version="1.0" encoding="UTF-8"?>
<config xmlns="http://www.knime.org/2008/09/XMLConfig" xmlns:xsi="http://www.w3.org/2001/XMLSchema-instance" xsi:schemaLocation="http://www.knime.org/2008/09/XMLConfig http://www.knime.org/XMLConfig_2008_09.xsd" key="db_session">
<config key="Session Info">
<entry key="sessionID" type="xstring" value="e6abe429-2016-4a23-a1d8-c3cb9362b58f"/>
<entry key="dbTypeId" type="xstring" value="sqlite"/>
<entry key="dialectId" type="xstring" value="sqlite"/>
<entry key="dbURL" type="xstring" value="jdbc:sqlite:/home/afrchmdi/knime-workspace/tugas-eksplorasi/1_DB/1_Data/newCensus.sqlite"/>
</config>
<config key="Driver Definition">
<entry key="driverId" type="xstring" value="SQLite"/>
<entry key="driverName" type="xstring" value="SQLite"/>
<entry key="driverVersion" type="xstring" value="3.23.0"/>
<entry key="driverClass" type="xstring" value="org.sqlite.JDBC"/>
<entry key="driverDescription" type="xstring" value=""/>
<entry key="driverOrigin" type="xstring" value="EXTENSION"/>
</config>
<config key="Attributes">
<config key="java.lang.Boolean">
<entry key="knime.db.connection.restore" type="xboolean" value="true"/>
</config>
</config>
</config>
