<?xml version="1.0" encoding="UTF-8"?>
<config xmlns="http://www.knime.org/2008/09/XMLConfig" xmlns:xsi="http://www.w3.org/2001/XMLSchema-instance" xsi:schemaLocation="http://www.knime.org/2008/09/XMLConfig http://www.knime.org/XMLConfig_2008_09.xsd" key="db_session">
<config key="Session Info">
<entry key="sessionID" type="xstring" value="9c8f4b8d-1d16-4b5a-931e-cd3055b9fc98"/>
<entry key="dbTypeId" type="xstring" value="hive"/>
<entry key="dialectId" type="xstring" value="hive"/>
<entry key="dbURL" type="xstring" value="jdbc:hive2://localhost:45543/"/>
</config>
<config key="Driver Definition">
<entry key="driverId" type="xstring" value="hive"/>
<entry key="driverName" type="xstring" value="Apache Hive JDBC Driver"/>
<entry key="driverVersion" type="xstring" value="1.1.0"/>
<entry key="driverClass" type="xstring" value="org.apache.hive.jdbc.HiveDriver"/>
<entry key="driverDescription" type="xstring" value=""/>
<entry key="driverOrigin" type="xstring" value="EXTENSION"/>
</config>
<config key="Attributes"/>
</config>
